/*
 Navicat Premium Data Transfer

 Source Server         : local mysql
 Source Server Type    : MySQL
 Source Server Version : 80027
 Source Host           : localhost:3306
 Source Schema         : lv-curd-role

 Target Server Type    : MySQL
 Target Server Version : 80027
 File Encoding         : 65001

 Date: 19/01/2022 14:08:06
*/

SET NAMES utf8mb4;
SET FOREIGN_KEY_CHECKS = 0;

-- ----------------------------
-- Table structure for failed_jobs
-- ----------------------------
DROP TABLE IF EXISTS `failed_jobs`;
CREATE TABLE `failed_jobs` (
  `id` bigint unsigned NOT NULL AUTO_INCREMENT,
  `uuid` varchar(255) COLLATE utf8mb4_unicode_ci NOT NULL,
  `connection` text COLLATE utf8mb4_unicode_ci NOT NULL,
  `queue` text COLLATE utf8mb4_unicode_ci NOT NULL,
  `payload` longtext COLLATE utf8mb4_unicode_ci NOT NULL,
  `exception` longtext COLLATE utf8mb4_unicode_ci NOT NULL,
  `failed_at` timestamp NOT NULL DEFAULT CURRENT_TIMESTAMP,
  PRIMARY KEY (`id`),
  UNIQUE KEY `failed_jobs_uuid_unique` (`uuid`)
) ENGINE=InnoDB DEFAULT CHARSET=utf8mb4 COLLATE=utf8mb4_unicode_ci;

-- ----------------------------
-- Records of failed_jobs
-- ----------------------------
BEGIN;
COMMIT;

-- ----------------------------
-- Table structure for migrations
-- ----------------------------
DROP TABLE IF EXISTS `migrations`;
CREATE TABLE `migrations` (
  `id` int unsigned NOT NULL AUTO_INCREMENT,
  `migration` varchar(255) COLLATE utf8mb4_unicode_ci NOT NULL,
  `batch` int NOT NULL,
  PRIMARY KEY (`id`)
) ENGINE=InnoDB AUTO_INCREMENT=12 DEFAULT CHARSET=utf8mb4 COLLATE=utf8mb4_unicode_ci;

-- ----------------------------
-- Records of migrations
-- ----------------------------
BEGIN;
INSERT INTO `migrations` VALUES (1, '2014_10_12_000000_create_users_table', 1);
INSERT INTO `migrations` VALUES (2, '2014_10_12_100000_create_password_resets_table', 1);
INSERT INTO `migrations` VALUES (3, '2014_10_12_200000_add_two_factor_columns_to_users_table', 1);
INSERT INTO `migrations` VALUES (4, '2019_08_19_000000_create_failed_jobs_table', 1);
INSERT INTO `migrations` VALUES (5, '2019_12_14_000001_create_personal_access_tokens_table', 1);
INSERT INTO `migrations` VALUES (6, '2020_11_30_103307_create_sessions_table', 1);
INSERT INTO `migrations` VALUES (7, '2020_11_30_110732_create_tasks_table', 1);
INSERT INTO `migrations` VALUES (8, '2020_12_01_055549_create_roles_table', 1);
INSERT INTO `migrations` VALUES (9, '2020_12_01_055557_create_permissions_table', 1);
INSERT INTO `migrations` VALUES (10, '2020_12_01_075730_create_permission_role_pivot_table', 1);
INSERT INTO `migrations` VALUES (11, '2020_12_01_075804_create_role_user_pivot_table', 1);
COMMIT;

-- ----------------------------
-- Table structure for password_resets
-- ----------------------------
DROP TABLE IF EXISTS `password_resets`;
CREATE TABLE `password_resets` (
  `email` varchar(255) COLLATE utf8mb4_unicode_ci NOT NULL,
  `token` varchar(255) COLLATE utf8mb4_unicode_ci NOT NULL,
  `created_at` timestamp NULL DEFAULT NULL,
  KEY `password_resets_email_index` (`email`)
) ENGINE=InnoDB DEFAULT CHARSET=utf8mb4 COLLATE=utf8mb4_unicode_ci;

-- ----------------------------
-- Records of password_resets
-- ----------------------------
BEGIN;
COMMIT;

-- ----------------------------
-- Table structure for permission_role
-- ----------------------------
DROP TABLE IF EXISTS `permission_role`;
CREATE TABLE `permission_role` (
  `role_id` bigint unsigned NOT NULL,
  `permission_id` bigint unsigned NOT NULL,
  KEY `permission_role_role_id_foreign` (`role_id`),
  KEY `permission_role_permission_id_foreign` (`permission_id`),
  CONSTRAINT `permission_role_permission_id_foreign` FOREIGN KEY (`permission_id`) REFERENCES `permissions` (`id`) ON DELETE CASCADE,
  CONSTRAINT `permission_role_role_id_foreign` FOREIGN KEY (`role_id`) REFERENCES `roles` (`id`) ON DELETE CASCADE
) ENGINE=InnoDB DEFAULT CHARSET=utf8mb4 COLLATE=utf8mb4_unicode_ci;

-- ----------------------------
-- Records of permission_role
-- ----------------------------
BEGIN;
INSERT INTO `permission_role` VALUES (1, 1);
INSERT INTO `permission_role` VALUES (1, 2);
INSERT INTO `permission_role` VALUES (2, 2);
COMMIT;

-- ----------------------------
-- Table structure for permissions
-- ----------------------------
DROP TABLE IF EXISTS `permissions`;
CREATE TABLE `permissions` (
  `id` bigint unsigned NOT NULL AUTO_INCREMENT,
  `title` varchar(255) COLLATE utf8mb4_unicode_ci DEFAULT NULL,
  `created_at` timestamp NULL DEFAULT NULL,
  `updated_at` timestamp NULL DEFAULT NULL,
  `deleted_at` timestamp NULL DEFAULT NULL,
  PRIMARY KEY (`id`)
) ENGINE=InnoDB AUTO_INCREMENT=3 DEFAULT CHARSET=utf8mb4 COLLATE=utf8mb4_unicode_ci;

-- ----------------------------
-- Records of permissions
-- ----------------------------
BEGIN;
INSERT INTO `permissions` VALUES (1, 'user_access', NULL, NULL, NULL);
INSERT INTO `permissions` VALUES (2, 'task_access', NULL, NULL, NULL);
COMMIT;

-- ----------------------------
-- Table structure for personal_access_tokens
-- ----------------------------
DROP TABLE IF EXISTS `personal_access_tokens`;
CREATE TABLE `personal_access_tokens` (
  `id` bigint unsigned NOT NULL AUTO_INCREMENT,
  `tokenable_type` varchar(255) COLLATE utf8mb4_unicode_ci NOT NULL,
  `tokenable_id` bigint unsigned NOT NULL,
  `name` varchar(255) COLLATE utf8mb4_unicode_ci NOT NULL,
  `token` varchar(64) COLLATE utf8mb4_unicode_ci NOT NULL,
  `abilities` text COLLATE utf8mb4_unicode_ci,
  `last_used_at` timestamp NULL DEFAULT NULL,
  `created_at` timestamp NULL DEFAULT NULL,
  `updated_at` timestamp NULL DEFAULT NULL,
  PRIMARY KEY (`id`),
  UNIQUE KEY `personal_access_tokens_token_unique` (`token`),
  KEY `personal_access_tokens_tokenable_type_tokenable_id_index` (`tokenable_type`,`tokenable_id`)
) ENGINE=InnoDB DEFAULT CHARSET=utf8mb4 COLLATE=utf8mb4_unicode_ci;

-- ----------------------------
-- Records of personal_access_tokens
-- ----------------------------
BEGIN;
COMMIT;

-- ----------------------------
-- Table structure for role_user
-- ----------------------------
DROP TABLE IF EXISTS `role_user`;
CREATE TABLE `role_user` (
  `role_id` bigint unsigned NOT NULL,
  `user_id` bigint unsigned NOT NULL,
  KEY `role_user_role_id_foreign` (`role_id`),
  KEY `role_user_user_id_foreign` (`user_id`),
  CONSTRAINT `role_user_role_id_foreign` FOREIGN KEY (`role_id`) REFERENCES `roles` (`id`) ON DELETE CASCADE,
  CONSTRAINT `role_user_user_id_foreign` FOREIGN KEY (`user_id`) REFERENCES `users` (`id`) ON DELETE CASCADE
) ENGINE=InnoDB DEFAULT CHARSET=utf8mb4 COLLATE=utf8mb4_unicode_ci;

-- ----------------------------
-- Records of role_user
-- ----------------------------
BEGIN;
INSERT INTO `role_user` VALUES (1, 1);
INSERT INTO `role_user` VALUES (2, 2);
COMMIT;

-- ----------------------------
-- Table structure for roles
-- ----------------------------
DROP TABLE IF EXISTS `roles`;
CREATE TABLE `roles` (
  `id` bigint unsigned NOT NULL AUTO_INCREMENT,
  `title` varchar(255) COLLATE utf8mb4_unicode_ci DEFAULT NULL,
  `created_at` timestamp NULL DEFAULT NULL,
  `updated_at` timestamp NULL DEFAULT NULL,
  `deleted_at` timestamp NULL DEFAULT NULL,
  PRIMARY KEY (`id`)
) ENGINE=InnoDB AUTO_INCREMENT=3 DEFAULT CHARSET=utf8mb4 COLLATE=utf8mb4_unicode_ci;

-- ----------------------------
-- Records of roles
-- ----------------------------
BEGIN;
INSERT INTO `roles` VALUES (1, 'Admin', NULL, NULL, NULL);
INSERT INTO `roles` VALUES (2, 'User', NULL, NULL, NULL);
COMMIT;

-- ----------------------------
-- Table structure for sessions
-- ----------------------------
DROP TABLE IF EXISTS `sessions`;
CREATE TABLE `sessions` (
  `id` varchar(255) COLLATE utf8mb4_unicode_ci NOT NULL,
  `user_id` bigint unsigned DEFAULT NULL,
  `ip_address` varchar(45) COLLATE utf8mb4_unicode_ci DEFAULT NULL,
  `user_agent` text COLLATE utf8mb4_unicode_ci,
  `payload` text COLLATE utf8mb4_unicode_ci NOT NULL,
  `last_activity` int NOT NULL,
  PRIMARY KEY (`id`),
  KEY `sessions_user_id_index` (`user_id`),
  KEY `sessions_last_activity_index` (`last_activity`)
) ENGINE=InnoDB DEFAULT CHARSET=utf8mb4 COLLATE=utf8mb4_unicode_ci;

-- ----------------------------
-- Records of sessions
-- ----------------------------
BEGIN;
INSERT INTO `sessions` VALUES ('3aNqSwmrYjxKcucxG3d8kAxa0bQqfNEysCgKMEi9', 1, '127.0.0.1', 'Mozilla/5.0 (Macintosh; Intel Mac OS X 10_15_7) AppleWebKit/605.1.15 (KHTML, like Gecko) Version/15.2 Safari/605.1.15', 'YTo3OntzOjY6Il90b2tlbiI7czo0MDoiekZZa2t3V05VaEZtZFNYQ3lhNWpDZ3lUZHNPM1pnYUc4M3VYT1Q1OSI7czozOiJ1cmwiO2E6MDp7fXM6OToiX3ByZXZpb3VzIjthOjE6e3M6MzoidXJsIjtzOjI3OiJodHRwOi8vMTI3LjAuMC4xOjgwMDAvdGFza3MiO31zOjY6Il9mbGFzaCI7YToyOntzOjM6Im9sZCI7YTowOnt9czozOiJuZXciO2E6MDp7fX1zOjUwOiJsb2dpbl93ZWJfNTliYTM2YWRkYzJiMmY5NDAxNTgwZjAxNGM3ZjU4ZWE0ZTMwOTg5ZCI7aToxO3M6MTc6InBhc3N3b3JkX2hhc2hfd2ViIjtzOjYwOiIkMnkkMTAkVjBZVWtFQTc2YkxIeGZMQUdKR1Q5dTFpWlZmenRsTm5JSTRrQXguRTlvTTJRV1BLTVhnSWUiO3M6MjE6InBhc3N3b3JkX2hhc2hfc2FuY3R1bSI7czo2MDoiJDJ5JDEwJFYwWVVrRUE3NmJMSHhmTEFHSkdUOXUxaVpWZnp0bE5uSUk0a0F4LkU5b00yUVdQS01YZ0llIjt9', 1642575948);
INSERT INTO `sessions` VALUES ('ZCFMgeHqfa7pLME1X3aDD5NMZpMskUNurKc5ZwmI', NULL, '127.0.0.1', 'Mozilla/5.0 (Macintosh; Intel Mac OS X 10_15_7) AppleWebKit/605.1.15 (KHTML, like Gecko) Version/15.2 Safari/605.1.15', 'YTozOntzOjY6Il90b2tlbiI7czo0MDoid3RxR041aWNhVGltbUpIS2ZUeVg3dUFmMGpYbDN3bGMyWmJrWlgyQSI7czo5OiJfcHJldmlvdXMiO2E6MTp7czozOiJ1cmwiO3M6MjE6Imh0dHA6Ly9sb2NhbGhvc3Q6ODAwMCI7fXM6NjoiX2ZsYXNoIjthOjI6e3M6Mzoib2xkIjthOjA6e31zOjM6Im5ldyI7YTowOnt9fX0=', 1642572854);
INSERT INTO `sessions` VALUES ('ZLCHL3EpzIxlLqAGbBv01fnFrWFlAXffC7c7LKCW', 1, '127.0.0.1', 'Mozilla/5.0 (Macintosh; Intel Mac OS X 10_15_7) AppleWebKit/605.1.15 (KHTML, like Gecko) Version/15.2 Safari/605.1.15', 'YTo2OntzOjY6Il90b2tlbiI7czo0MDoiTm1uZjVra096VEp6SUUxT1YxVWY2eTQ2blJHM2xXT2p3b0tkcUZqSiI7czo2OiJfZmxhc2giO2E6Mjp7czozOiJvbGQiO2E6MDp7fXM6MzoibmV3IjthOjA6e319czo5OiJfcHJldmlvdXMiO2E6MTp7czozOiJ1cmwiO3M6Mjc6Imh0dHA6Ly8xMjcuMC4wLjE6ODAwMC90YXNrcyI7fXM6NTA6ImxvZ2luX3dlYl81OWJhMzZhZGRjMmIyZjk0MDE1ODBmMDE0YzdmNThlYTRlMzA5ODlkIjtpOjE7czoxNzoicGFzc3dvcmRfaGFzaF93ZWIiO3M6NjA6IiQyeSQxMCRWMFlVa0VBNzZiTEh4ZkxBR0pHVDl1MWlaVmZ6dGxObklJNGtBeC5FOW9NMlFXUEtNWGdJZSI7czoyMToicGFzc3dvcmRfaGFzaF9zYW5jdHVtIjtzOjYwOiIkMnkkMTAkVjBZVWtFQTc2YkxIeGZMQUdKR1Q5dTFpWlZmenRsTm5JSTRrQXguRTlvTTJRV1BLTVhnSWUiO30=', 1642562483);
COMMIT;

-- ----------------------------
-- Table structure for tasks
-- ----------------------------
DROP TABLE IF EXISTS `tasks`;
CREATE TABLE `tasks` (
  `id` bigint unsigned NOT NULL AUTO_INCREMENT,
  `description` varchar(255) COLLATE utf8mb4_unicode_ci NOT NULL,
  `created_at` timestamp NULL DEFAULT NULL,
  `updated_at` timestamp NULL DEFAULT NULL,
  `deleted_at` timestamp NULL DEFAULT NULL,
  PRIMARY KEY (`id`)
) ENGINE=InnoDB AUTO_INCREMENT=2 DEFAULT CHARSET=utf8mb4 COLLATE=utf8mb4_unicode_ci;

-- ----------------------------
-- Records of tasks
-- ----------------------------
BEGIN;
INSERT INTO `tasks` VALUES (1, '123', '2022-01-19 07:05:40', '2022-01-19 07:05:40', NULL);
COMMIT;

-- ----------------------------
-- Table structure for users
-- ----------------------------
DROP TABLE IF EXISTS `users`;
CREATE TABLE `users` (
  `id` bigint unsigned NOT NULL AUTO_INCREMENT,
  `name` varchar(255) COLLATE utf8mb4_unicode_ci NOT NULL,
  `email` varchar(255) COLLATE utf8mb4_unicode_ci NOT NULL,
  `email_verified_at` timestamp NULL DEFAULT NULL,
  `password` varchar(255) COLLATE utf8mb4_unicode_ci NOT NULL,
  `two_factor_secret` text COLLATE utf8mb4_unicode_ci,
  `two_factor_recovery_codes` text COLLATE utf8mb4_unicode_ci,
  `remember_token` varchar(100) COLLATE utf8mb4_unicode_ci DEFAULT NULL,
  `current_team_id` bigint unsigned DEFAULT NULL,
  `profile_photo_path` text COLLATE utf8mb4_unicode_ci,
  `created_at` timestamp NULL DEFAULT NULL,
  `updated_at` timestamp NULL DEFAULT NULL,
  `language` enum('kh','en') CHARACTER SET utf8mb4 COLLATE utf8mb4_unicode_ci DEFAULT 'kh',
  `deleted_at` timestamp NULL DEFAULT NULL,
  PRIMARY KEY (`id`),
  UNIQUE KEY `users_email_unique` (`email`)
) ENGINE=InnoDB AUTO_INCREMENT=3 DEFAULT CHARSET=utf8mb4 COLLATE=utf8mb4_unicode_ci;

-- ----------------------------
-- Records of users
-- ----------------------------
BEGIN;
INSERT INTO `users` VALUES (1, 'Admin', 'admin@admin.com', NULL, '$2y$10$V0YUkEA76bLHxfLAGJGT9u1iZVfztlNnII4kAx.E9oM2QWPKMXgIe', NULL, NULL, NULL, NULL, NULL, NULL, '2022-01-19 02:20:37', 'kh', NULL);
INSERT INTO `users` VALUES (2, 'User', 'user@user.com', NULL, '$2y$10$CShUZb5RnYTrm34ShWc91eNAULbXKbS8xcurNApvnAcbxXXbg0tia', NULL, NULL, NULL, NULL, NULL, NULL, NULL, 'kh', NULL);
COMMIT;

SET FOREIGN_KEY_CHECKS = 1;
